[{"Guid":"2c5e2a3d-2e38-4f42-9870-15eac8109ccb","ResType":"Animation"},{"Guid":"068c5515-bd2a-4cd5-abbf-ce0990d39fdd","ResType":"Texture2D"},{"Guid":"0ee45d1d-f1f6-4593-9905-f15e4a696a5e","ResType":"GameObject"},{"Guid":"80205182-eccb-4354-913c-4a939e9f7944","ResType":"GameObject"},{"Guid":"cec37bd5-57d4-4ed3-b774-26cafa00de11","ResType":"AudioClip"},{"Guid":"ce18e23d-4d4f-4b2c-a15e-ec9a92c2ebba","ResType":"AudioClip"},{"Guid":"d4170e42-34f1-4c07-b910-391f16c0a45a","ResType":"AudioClip"},{"Guid":"c5ce603e-c342-4f2b-8301-ea393a6f89cb","ResType":"AudioClip"},{"Guid":"214b8aab-ff57-4678-a56c-9c4b2ff331c9","ResType":"AudioClip"},{"Guid":"0f11e82a-7d1d-4714-9d00-ed029e0bf219","ResType":"AudioClip"},{"Guid":"1f27ed6c-fc5a-44b6-a79a-7260e36bd3fc","ResType":"Animation"},{"Guid":"93be7e99-d06e-4132-bbc4-683475d879f8","ResType":"Animation"}]