{
  "SceneData": {
    "ResID": "e81db46e-25c9-4420-ae9a-af54ebc1fb0f",
    "Preview": "http://fz-cs.101.com/v0.1/static/edu_product/esp/assets/14b3444b-af77-4ee5-9877-cad692773ba0.pkg/preview/fenmian2.png",
    "Name": "ceshi123",
    "UIID": "36e3152e-e2c6-43fd-8e57-6e18203ffc4e"
  },
  "GameData": {
    "AnimationResId": "2c5e2a3d-2e38-4f42-9870-15eac8109ccb",
    "GameName": "zhangtao111",
    "GameType": "FiveChess",
    "Limit": "50",
    "AIName": "mayoyo",
    "AILogo": "068c5515-bd2a-4cd5-abbf-ce0990d39fdd",
    "PlayerLogo": "92605476-90ec-4a9b-bd87-841212afc55c",
    "BlackChessID": "0ee45d1d-f1f6-4593-9905-f15e4a696a5e",
    "WhiteChessID": "80205182-eccb-4354-913c-4a939e9f7944",
    "BlackChessName": "黑棋",
    "WhiteChessName": "白棋",
    "BackgroundAudio": "cec37bd5-57d4-4ed3-b774-26cafa00de11",
    "StartAudio": "ce18e23d-4d4f-4b2c-a15e-ec9a92c2ebba",
    "BlackChessAudio": "d4170e42-34f1-4c07-b910-391f16c0a45a",
    "WhiteChessAudio": "d4170e42-34f1-4c07-b910-391f16c0a45a",
    "WinAudio": "c5ce603e-c342-4f2b-8301-ea393a6f89cb",
    "LoseAudio": "214b8aab-ff57-4678-a56c-9c4b2ff331c9",
    "TieAudio": "0f11e82a-7d1d-4714-9d00-ed029e0bf219",
    "WhiteChessAnimationID": "1f27ed6c-fc5a-44b6-a79a-7260e36bd3fc",
    "BlackChessAnimationID": "93be7e99-d06e-4132-bbc4-683475d879f8"
  },
  "IsStandAlone": true
}