{
  "GameInfo": {
    "Name": "RunnerTest_1",
    "ResID": "d9a58b3f-e263-47ff-922d-1095eabe5996",
    "LogoID": "d9a58b3f-e263-47ff-922d-1095eabe5996",
    "Version": "",
    "LocalVersion": "",
    "GameID": 1,
    "IsPublish": true,
    "PublishID": "",
    "PublishVersion": "",
    "GameTag": "Runner",
    "Limit": 2,
    "Describtion": "跑酷游戏是一种采用了绚丽的3D画面的快节奏跑酷类冒险游戏。"
  },
  "GameEditorInfo": {
    "AssetBuddlePath": "Runner",
    "EbEComponents": [],
    "GameDataPath": "",
    "AssemblyName": "EbERunner.dll"
  }
}