
{
    "Axis" : [
        {
            "Name" : "Horizontal",
            "NagativeButton" : "F",
            "PostiveButton"  : "H"
        }
    ],
    "Key"  : [
        {
            "Name" : "Jump",
            "Button" : "T"
        },
        {
            "Name" : "Glide",
            "Button" : "G"
        }
    ],
    "Mouse" : [
        {
            "Name" : "Horizontal",
            "Button" : 0,
            "NagativeDirection" : "Left",
            "PostiveDirection"  : "Right"
        },
        {
            "Name" : "Jump",
            "Button" : 0,
            "NagativeDirection" : "",
            "PostiveDirection"  : "Up"
        },
        {
            "Name" : "Glide",
            "Button" : 0,
            "NagativeDirection" : "",
            "PostiveDirection"  : "Down"
        }
    ]
}