
[
    {
        "key" : "Runner.Title",
        "zh_cn" : "3D无限酷跑",
        "english" : "3D INFINITE RUNNER TOOLKIT"
    },
    {
        "key" : "Runner.Play",
        "zh_cn" : "开始游戏",
        "english" : "PLAY"
    },
    {
        "key" : "Runner.Rusume",
        "zh_cn" : "继续游戏",
        "english" : "RESUME"
    },
    {
        "key" : "Runner.Restart",
        "zh_cn" : "重新开始",
        "english" : "RESTART"
    },
    {
        "key" : "Runner.Exit",
        "zh_cn" : "退出游戏",
        "english" : "EXIT"
    },
    {
        "key" : "Runner.Score",
        "zh_cn" : "得分",
        "english" : "Score"
    },
    {
        "key" : "Runner.Coins",
        "zh_cn" : "金币",
        "english" : "Coins"
    },
    {
        "key" : "Runner.Time",
        "zh_cn" : "时间",
        "english" : "Time"
    }
]