{
  "SceneData": {
    "ResID": "d224c411-3762-4a18-8fdb-7576ac23a0d8",
    "Preview": "http://fz-cs.101.com/v0.1/static/edu_product/esp/assets/14b3444b-af77-4ee5-9877-cad692773ba0.pkg/preview/fenmian2.png",
    "Name": "Test7",
    "CharacterID": "4bc85c55-c101-43f1-af51-6e6c74e87739",
    "UIID": "74556ada-c5fc-4ac3-80d4-d61c62510c2d"
  },
  "GameData": {
    "GameName": "Runner",
    "GameCoverName": "Default cover",
    "GameCoverID": "30ab5327-72ec-41ac-aa9d-1221c70c5b4e",
    "GameIntroText": "",
    "GameSceneName": "",
    "GameSceneGuid": "",
    "GameSceneLogo": "14b3444b-af77-4ee5-9877-cad692773ba0",
    "GameSceneFormatType": "",
    "SceneBackgroundAudio": "86cb8d09-ab02-409b-b030-660835788ac9",
    "SceneBackgroundAudioName": "",
    "CoinModelID": "932374bf-7b87-457e-8c9c-8506870bfcd9",
    "CoinModelName": "",
    "CoinModelPreview": "30ab5327-72ec-41ac-aa9d-1221c70c5b4e",
    "CoinCollectAudio": "3d65b64d-d438-4a33-a0e8-9374af9c1a6b",
    "CoinCollectAudioName": "",
    "CoinCollectEffectID": "01efcf7f-7d75-40fb-b318-d4861becfe0c",
    "CoinCollectEffectName": "",
    "CoinCollectEffectPreview": "30ab5327-72ec-41ac-aa9d-1221c70c5b4e",
    "CoinSprite": "30ab5327-72ec-41ac-aa9d-1221c70c5b4e",
    "CoinSpriteName": "",
    "ShoesModelID": "19b56249-71b8-442f-813c-75973fb5e1bc",
    "ShoesModelName": "",
    "ShoesModelPreview": "30ab5327-72ec-41ac-aa9d-1221c70c5b4e",
    "ShoesCollectAudio": "3d65b64d-d438-4a33-a0e8-9374af9c1a6b",
    "ShoesCollectAudioName": "",
    "ShoesCollectEffectID": "063483ee-192c-4688-842c-15b045250d01",
    "ShoesCollectEffectName": "",
    "ShoesCollectEffectPreview": "30ab5327-72ec-41ac-aa9d-1221c70c5b4e",
    "Barriers_01ID": "77ed4a13-2173-499d-bf23-b86f79cb1626",
    "Barriers_01Name": "",
    "Barriers_01Type": "",
    "Barriers_01Preview": "30ab5327-72ec-41ac-aa9d-1221c70c5b4e",
    "Barriers_02ID": "cd0477fe-bf1b-4605-90c2-8592eb6ab390",
    "Barriers_02Name": "",
    "Barriers_02Type": "",
    "Barriers_02Preview": "30ab5327-72ec-41ac-aa9d-1221c70c5b4e",
    "Barriers_03ID": "57bdc1c4-db49-418e-adc4-a54c149e7cf2",
    "Barriers_03Name": "",
    "Barriers_03Type": "",
    "Barriers_03Preview": "30ab5327-72ec-41ac-aa9d-1221c70c5b4e",
    "Barriers_04ID": "5e2eda9f-3aad-4514-8646-adb0be73160d",
    "Barriers_04Name": "",
    "Barriers_04Type": "",
    "Barriers_04Preview": "30ab5327-72ec-41ac-aa9d-1221c70c5b4e",
    "Barriers_05ID": "5e2eda9f-3aad-4514-8646-adb0be73160d",
    "Barriers_05Name": "",
    "Barriers_05Type": "",
    "Barriers_05Preview": "30ab5327-72ec-41ac-aa9d-1221c70c5b4e",
    "Barriers_06ID": "c3833a96-810d-4530-b6b1-88d9b080bd2f",
    "Barriers_06Name": "",
    "Barriers_06Type": "",
    "Barriers_06Preview": "30ab5327-72ec-41ac-aa9d-1221c70c5b4e",
    "Barriers_07ID": "e6efe5b1-864d-4cab-bba8-2f6be5490244",
    "Barriers_07Name": "",
    "Barriers_07Type": "",
    "Barriers_07Preview": "30ab5327-72ec-41ac-aa9d-1221c70c5b4e",
    "Barriers_08ID": "78551b7c-7d45-43c3-987c-fde6ee02f8f6",
    "Barriers_08Name": "",
    "Barriers_08Type": "",
    "Barriers_08Preview": "30ab5327-72ec-41ac-aa9d-1221c70c5b4e",
    "Barriers_09ID": "ac4f4160-d678-4da3-bbc5-c1f600bad77a",
    "Barriers_09Name": "",
    "Barriers_09Type": "",
    "Barriers_09Preview": "30ab5327-72ec-41ac-aa9d-1221c70c5b4e",
    "RunDeco_01ID": "a0ffd621-2df8-4a8c-b1f0-5eae5ee2c997",
    "RunDeco_01Name": "",
    "RunDeco_01Preview": "30ab5327-72ec-41ac-aa9d-1221c70c5b4e",
    "RunDeco_02ID": "56ee9b4b-06b3-4a7c-a001-d9cf9af7517c",
    "RunDeco_02Name": "",
    "RunDeco_02Preview": "30ab5327-72ec-41ac-aa9d-1221c70c5b4e",
    "RunDeco_03ID": "98cc90d1-55f6-4609-b7e7-1d47ab2c8fe7",
    "RunDeco_03Name": "",
    "RunDeco_03Preview": "30ab5327-72ec-41ac-aa9d-1221c70c5b4e",
    "RunDeco_04ID": "63885579-2c3a-4ad5-88e6-ae9f4cb8f0af",
    "RunDeco_04Name": "",
    "RunDeco_04Preview": "30ab5327-72ec-41ac-aa9d-1221c70c5b4e",
    "RunDeco_05ID": "cbe84511-c271-48f1-8ffd-1d7ad24ed8c4",
    "RunDeco_05Name": "",
    "RunDeco_05Preview": "30ab5327-72ec-41ac-aa9d-1221c70c5b4e",
    "RunDeco_06ID": "de7d30b0-f4b9-4cde-beb1-bdf4ac4c8b85",
    "RunDeco_06Name": "",
    "RunDeco_06Preview": "30ab5327-72ec-41ac-aa9d-1221c70c5b4e",
    "RunDeco_07ID": "ea356af1-082b-44b0-9d42-c3824820569d",
    "RunDeco_07Name": "",
    "RunDeco_07Preview": "30ab5327-72ec-41ac-aa9d-1221c70c5b4e",
    "RunDeco_08ID": "86a039e3-dbe6-4b91-a478-d4194d928c5b",
    "RunDeco_08Name": "",
    "RunDeco_08Preview": "30ab5327-72ec-41ac-aa9d-1221c70c5b4e",
    "RunDeco_09ID": "86a039e3-dbe6-4b91-a478-d4194d928c5b",
    "RunDeco_09Name": "",
    "RunDeco_09Preview": "30ab5327-72ec-41ac-aa9d-1221c70c5b4e",
    "RunWayID": "b3be1564-faee-43c4-9e91-e7501f94df93",
    "JumpAni": "4bb814b8-eb58-475d-83fe-14e170d0d52f",
    "DownRollAni": "dc7a00b8-ec77-4075-98e8-00ac9f3b59ce",
    "LeftRollAni": "f546514a-72fe-4fe3-b558-59404ae3c274",
    "RightRollAni": "f546514a-72fe-4fe3-b558-59404ae3c274",
    "SecJumpAni": "4bb814b8-eb58-475d-83fe-14e170d0d52f",
    "DeathAni": "f26b988e-5107-4633-8196-934f3321a2a4",
    "CrossAni": "",
    "ClimbAni": "",
    "FlickAni": "",
    "ContinueGameOnColAni": "",
    "StandingAni": "f26b988e-5107-4633-8196-934f3321a2a4",
    "StandUpAni": "fbe72c78-a3c1-42f2-8509-538ecdce74db",
    "RunningAni": "f546514a-72fe-4fe3-b558-59404ae3c274",
    "FallingAni": "9042a21e-e3e8-49dc-bb85-b1eac9edb1c2",
    "JumpAniName": "",
    "DownRollAniName": "",
    "LeftRollAniName": "",
    "RightRollAniName": "",
    "SecJumpAniName": "",
    "DeathAniName": "",
    "CrossAniName": "",
    "ClimbAniName": "",
    "FlickAniName": "",
    "ContinueGameOnColAniName": "",
    "StandingAniName": "",
    "StandUpAniName": "",
    "RunningAniName": "",
    "FallingAniName": "",
    "JumpEffect": "c0592237-3f25-4227-b780-746c11dfc8f3",
    "JumpEffectName": "Christmas Village Aurora 01",
    "DownRollEffect": "e28bd9f5-f183-4263-b1ee-f9b09f7be68e",
    "DownRollEffectName": "",
    "LeftRollEffect": null,
    "LeftRollEffectName": "",
    "RightRollEffect": null,
    "RightRollEffectName": "",
    "SecJumpEffect": null,
    "SecJumpEffectName": "",
    "DeathEffect": "279aece0-60df-4aad-8726-b8eef70c2adf",
    "DeathEffectName": "",
    "CrossEffect": null,
    "CrossEffectName": "",
    "ClimbEffect": null,
    "ClimbEffectName": "",
    "FlickEffect": null,
    "FlickEffectName": "",
    "ContinueGameOnColEffect": null,
    "ContinueGameOnColEffectName": "",
    "StandingEffect": null,
    "StandingEffectName": "",
    "StandUpEffect": null,
    "StandUpEffectName": "",
    "RunningEffect": null,
    "RunningEffectName": "",
    "FallingEffect": null,
    "FallingEffectName": "",
    "JumpAudio": "0f11e82a-7d1d-4714-9d00-ed029e0bf219",
    "JumpAudioName": "Film ringtone melodies",
    "SecJumpAudio": "c74f0ab7-3eee-401b-a404-b7162224c884",
    "SecJumpAudioName": "无",
    "DeathAudio": "c17a2145-142b-4e72-add2-523e608f961d",
    "DeathAudioName": "默认死亡音效",
    "DownRollAudio": "e8c3c448-92e0-475d-ab0f-c835bdd708b4",
    "DownRollAudioName": "喘气音效",
    "LeftRollAudio": "ea31965b-673d-4b61-8a6a-41c3781c75de",
    "LeftRollAudioName": "喘气音效",
    "RightRollAudio": "ea31965b-673d-4b61-8a6a-41c3781c75de",
    "RightRollAudioName": "喘气音效",
    "RunningAudio": "b387c8d0-8abd-4355-907f-05cf8dd56a8f",
    "RunningAudioName": "",
    "CrossAudio": null,
    "CrossAudioName": "",
    "ClimbAudio": null,
    "ClimbAudioName": "",
    "FallingAudio": "c3d505f8-a22e-4b37-822e-647aab17eee1",
    "FallingAudioName": "",
    "ContinueGameOnColAudio": null,
    "ContinueGameOnColAudioName": "",
    "FlickAudio": null,
    "FlickAudioName": "",
    "StandingAudio": null,
    "StandingAudioName": "",
    "StandUpAudio": null,
    "StandUpAudioName": "",
    "MouseJumpOpt": "Up",
    "MouseDownOpt": "Down",
    "MouseLeftOpt": "Left",
    "MouseRightOpt": "Right",
    "JumpBtnName": "T",
    "DownRollBtnName": "G",
    "LeftRollBtnName": "F",
    "RightRollBtnName": "H",
    "InitSpeed": "",
    "NmeterAddSpeed": "",
    "AddSpeed": "",
    "MaxSpeed": "",
    "JumpHeigh": "",
    "SecJumpHeigh": "",
    "Gravity": "",
    "InitCoinsValue": "",
    "nMeterAddCoinValue": "",
    "AddCoinValue": "",
    "MaxAddCoinValue": "",
    "Title": "",
    "PlayBtnName": "",
    "ResumeBtnName": "",
    "RestartBtnName": "",
    "ExitBtnName": "",
    "Score": "",
    "Coins": "",
    "Time": "",
    "MouseClickButtonFeedbackAudio": null,
    "MouseClickButtonFeedbackAudioName": "",
    "ClickButtonFeedbackAudio": null,
    "ClickButtonFeedbackAudioName": "",
    "GameOverAudio": null,
    "GameOverAudioName": "",
    "MainBackground": null,
    "MainBackgroundName": "",
    "LoadingCover": null,
    "LoadingCoverName": "",
    "PauseCover": null,
    "PauseCoverName": ""
  },
  "IsStandAlone": true
}