﻿{
  "Building": [
    {
      "stateBuilding_Left": [ 2, 1, 7, 8, 6, 7, 8, 8, 5, 1 ],
      "stateBuilding_Right": [ 3, 5, 6, 9, 1, 5, 8, 6, 4, 5 ],
      "prop": 0.1
    },
    {
      "stateBuilding_Left": [ 5, 1, 7, 4, 8, 7, 4, 8, 5, 1 ],
      "stateBuilding_Right": [ 6, 1, 5, 9, 1, 9, 8, 2, 1, 5 ],
      "prop": 0.1
    },
    {
      "stateBuilding_Left": [ 2, 3, 7, 1, 6, 7, 5, 8, 5, 1 ],
      "stateBuilding_Right": [ 6, 8, 6, 5, 1, 3, 8, 4, 4, 3 ],
      "prop": 0.1
    }
  ],
  "Item": [
    {
      "item_LeftType": {
        "1": [ "Left_01", "0, 0" ],
        "2": [ "Left_02", "0, 9" ],
        "3": [ "Left_03", "0, 10" ],
        "4": [ "Left_04", "0, 10" ],
        "5": [ "Left_05", "0, 10" ],
        "6": [ "Left_06", "0, 0" ],
        "7": [ "Left_07", "0, 0" ],
        "8": [ "Left_08", "0, 0" ],
        "9": [ "Left_09", "0, 0" ],
        "10": [ "Left_10", "0, 5" ]
      },
      "item_MiddleType": {
        "1": [ "Mid_01", "0, 0" ],
        "2": [ "Mid_02", "0, 2" ],
        "3": [ "Mid_03", "0, 0" ],
        "4": [ "Mid_04", "0, 0" ],
        "5": [ "Mid_05", "0, 0" ],
        "6": [ "Mid_06", "0, 10" ],
        "7": [ "Mid_07", "0, 6" ],
        "8": [ "Mid_08", "4, 10" ],
        "9": [ "Mid_09", "0, 10" ],
        "10": [ "Mid_10", "0, 10" ]
      },
      "item_RightType": {
        "1": [ "Right_01", "0, 0" ],
        "2": [ "Right_02", "0, 2" ],
        "3": [ "Right_03", "0, 0" ],
        "4": [ "Right_04", "0, 0" ],
        "5": [ "Right_05", "0, 0" ],
        "6": [ "Right_06", "0, 0" ],
        "7": [ "Right_07", "0, 0" ],
        "8": [ "Right_08", "0, 0" ],
        "9": [ "Right_09", "0, 0" ],
        "10": [ "Right_10", "0, 5" ]
      },
      "prop": 0.1
    },
    {
      "item_LeftType": {
        "1": [ "Left_01", "0, 10" ],
        "2": [ "Left_02", "0, 10" ],
        "3": [ "Left_03", "1, 10" ],
        "4": [ "Left_04", "0, 0" ],
        "5": [ "Left_05", "0, 3" ],
        "6": [ "Left_06", "0, 0" ],
        "7": [ "Left_07", "0, 0" ],
        "8": [ "Left_08", "0, 0" ],
        "9": [ "Left_09", "0, 0" ],
        "10": [ "Left_10", "0, 0" ]
      },
      "item_MiddleType": {
        "1": [ "Mid_01", "0, 10" ],
        "2": [ "Mid_02", "0, 10" ],
        "3": [ "Mid_03", "1, 10" ],
        "4": [ "Mid_04", "0, 0" ],
        "5": [ "Mid_05", "0, 3" ],
        "6": [ "Mid_06", "0, 1" ],
        "7": [ "Mid_07", "0, 10" ],
        "8": [ "Mid_08", "0, 10" ],
        "9": [ "Mid_09", "0, 0" ],
        "10": [ "Mid_10", "0, 0" ]
      },
      "item_RightType": {
        "1": [ "Right_01", "0, 10" ],
        "2": [ "Right_02", "0, 10" ],
        "3": [ "Right_03", "1, 10" ],
        "4": [ "Right_04", "0, 0" ],
        "5": [ "Right_05", "0, 10" ],
        "6": [ "Right_06", "10, 9" ],
        "7": [ "Right_07", "0, 10" ],
        "8": [ "Right_08", "0, 10" ],
        "9": [ "Right_09", "0, 10" ],
        "10": [ "Right_10", "0, 10" ]
      },
      "prop": 0.1
    },
    {
      "item_LeftType": {
        "1": [ "Left_01", "0, 0" ],
        "2": [ "Left_02", "0, 0" ],
        "3": [ "Left_03", "0, 0" ],
        "4": [ "Left_04", "0, 4" ],
        "5": [ "Left_05", "0, 0" ],
        "6": [ "Left_06", "0, 0" ],
        "7": [ "Left_07", "0, 0" ],
        "8": [ "Left_08", "0, 1" ],
        "9": [ "Left_09", "0, 11" ],
        "10": [ "Left_10", "0, 0" ]
      },
      "item_MiddleType": {
        "1": [ "Mid_01", "0, 0" ],
        "2": [ "Mid_02", "0, 0" ],
        "3": [ "Mid_03", "0, 0" ],
        "4": [ "Mid_04", "0, 4" ],
        "5": [ "Mid_05", "0, 0" ],
        "6": [ "Mid_06", "0, 0" ],
        "7": [ "Mid_07", "0, 0" ],
        "8": [ "Mid_08", "0, 1" ],
        "9": [ "Mid_09", "0, 0" ],
        "10": [ "Mid_10", "0, 0" ]
      },
      "item_RightType": {
        "1": [ "Right_01", "0, 0" ],
        "2": [ "Right_02", "0, 0" ],
        "3": [ "Right_03", "0, 0" ],
        "4": [ "Right_04", "0, 6" ],
        "5": [ "Right_05", "4, 10" ],
        "6": [ "Right_06", "0, 10" ],
        "7": [ "Right_07", "0, 10" ],
        "8": [ "Right_08", "0, 0" ],
        "9": [ "Right_09", "0, 0" ],
        "10": [ "Right_10", "0, 0" ]
      },
      "prop": 0.1
    }
  ],
  "BuildOptions": [ "默认模板1", "默认模板2", "默认模板3" ],
  "ItemOptions": [ "默认模板1", "默认模板2", "默认模板3" ]
}