
{
    "Action" : [
        {
            "Name" : "Standing",
            "Animation" : "f26b988e-5107-4633-8196-934f3321a2a4",
            "Effect"    : "",
            "Audio"     : "",
            "Speed"     : 1
        },
        {
            "Name" : "StandUp",
            "Animation" : "fbe72c78-a3c1-42f2-8509-538ecdce74db",
            "Effect"    : "",
            "Audio"     : "",
            "Speed"     : 1
        },
        {
            "Name" : "Running",
            "Animation" : "f546514a-72fe-4fe3-b558-59404ae3c274",
            "Effect"    : "",
            "Audio"     : "b387c8d0-8abd-4355-907f-05cf8dd56a8f",
            "Speed"     : 1.5
        },
        {
            "Name" : "JumpUp",
            "Animation" : "4bb814b8-eb58-475d-83fe-14e170d0d52f",
            "Effect"    : "c0592237-3f25-4227-b780-746c11dfc8f3",
            "Audio"     : "0f11e82a-7d1d-4714-9d00-ed029e0bf219",
            "Speed"     : 1
        },
        {
            "Name" : "Falling",
            "Animation" : "9042a21e-e3e8-49dc-bb85-b1eac9edb1c2",
            "Effect"    : "",
            "Audio"     : "c3d505f8-a22e-4b37-822e-647aab17eee1",
            "Speed"     : 1
        },
        {
            "Name" : "TurnLeft",
            "Animation" : "f546514a-72fe-4fe3-b558-59404ae3c274",
            "Effect"    : "",
            "Audio"     : "ea31965b-673d-4b61-8a6a-41c3781c75de",
            "Speed"     : 1.25
        },
        {
            "Name" : "TurnRight",
            "Animation" : "f546514a-72fe-4fe3-b558-59404ae3c274",
            "Effect"    : "",
            "Audio"     : "ea31965b-673d-4b61-8a6a-41c3781c75de",
            "Speed"     : 1.25
        },
        {
            "Name" : "Rolling",
            "Animation" : "dc7a00b8-ec77-4075-98e8-00ac9f3b59ce",
            "Effect"    : "e28bd9f5-f183-4263-b1ee-f9b09f7be68e",
            "Audio"     : "e8c3c448-92e0-475d-ab0f-c835bdd708b4",
            "Speed"     : 1
        },
        {
            "Name" : "Dying",
            "Animation" : "f26b988e-5107-4633-8196-934f3321a2a4",
            "Effect"    : "279aece0-60df-4aad-8726-b8eef70c2adf",
            "Audio"     : "c17a2145-142b-4e72-add2-523e608f961d",
            "Speed"     : 1
        },
        {
            "Name" : "DoubleJumping",
            "Animation" : "4bb814b8-eb58-475d-83fe-14e170d0d52f",
            "Effect"    : "",
            "Audio"     : "c74f0ab7-3eee-401b-a404-b7162224c884",
            "Speed"     : 1
        }
    ],
    "Texture" : [
        {
            "Name" : "GameMain",
            "Guid" : ""
        },
        {
            "Name" : "GamePause",
            "Guid" : ""
        }
    ],
    "Audio"   : [
        {
            "Name" : "ButtonClick",
            "Guid" : ""
        },
        {
            "Name" : "GameOver",
            "Guid" : ""
        }
    ]
}