
{
    "Assets" : [
        {
            "GameCoverResID" : "游戏封面ID",
            "AssetGUID"      : "30ab5327-72ec-41ac-aa9d-1221c70c5b4e",
            "AssetPath"      : "如果使用的资源是包中的,资源的路径(相对exe的路径)",
            "AssetType"      : "Image",
            "Platform"       : "资源适用的平台或者引擎"
        },
        {
            "SceneResID" : "场景ID",
            "AssetGUID"  : "d224c411-3762-4a18-8fdb-7576ac23a0d8",
            "AssetPath"  : "如果使用的资源是包中的,资源的路径(相对exe的路径)",
            "AssetType"  : "Scene",
            "Platform"   : "资源适用的平台或者引擎"
        },
        {
            "BackgroundAudioResID" : "背景音乐ID",
            "AssetGUID"            : "86cb8d09-ab02-409b-b030-660835788ac9",
            "AssetPath"            : "如果使用的资源是包中的,资源的路径(相对exe的路径)",
            "AssetType"            : "Audio",
            "Platform"             : "资源适用的平台或者引擎"
        },
        {
            "CharacterResID" : "游戏角色ID",
            "AssetGUID"      : "4bc85c55-c101-43f1-af51-6e6c74e87739",
            "AssetPath"      : "如果使用的资源是包中的,资源的路径(相对exe的路径)",
            "AssetType"      : "Model",
            "Platform"       : "资源适用的平台或者引擎"
        },
        {
            "UIResID" : "游戏UIID",
            "AssetGUID" : "74556ada-c5fc-4ac3-80d4-d61c62510c2d",
            "AssetPath" : "如果使用的资源是包中的,资源的路径(相对exe的路径)",
            "AssetType" : "Model",
            "Platform"  : "资源适用的平台或者引擎"
        },
        {
            "CoinModelResID" : "金币模型ID",
            "AssetGUID"      : "80205182-eccb-4354-913c-4a939e9f7944",
            "AssetPath"      : "如果使用的资源是包中的,资源的路径(相对exe的路径)",
            "AssetType"      : "Model",
            "Platform"       : "资源适用的平台或者引擎"
        },
        {
            "CoinAudioResID" : "金币收集音效ID",
            "AssetGUID"      : "3d65b64d-d438-4a33-a0e8-9374af9c1a6b",
            "AssetPath"      : "如果使用的资源是包中的,资源的路径(相对exe的路径)",
            "AssetType"      : "Audio",
            "Platform"       : "资源适用的平台或者引擎"
        },
        {
            "CoinEffectResID" : "金币收集特效ID",
            "AssetGUID"       : "01efcf7f-7d75-40fb-b318-d4861becfe0c",
            "AssetPath"       : "如果使用的资源是包中的,资源的路径(相对exe的路径)",
            "AssetType"       : "Effect",
            "Platform"        : "资源适用的平台或者引擎"
        },
        {
            "CoinSpriteResID" : "金币图片ID",
            "AssetGUID"       : "30ab5327-72ec-41ac-aa9d-1221c70c5b4e",
            "AssetPath"       : "如果使用的资源是包中的,资源的路径(相对exe的路径)",
            "AssetType"       : "Image",
            "Platform"        : "资源适用的平台或者引擎"
        },
        {
            "ShoesModelResID" : "弹簧鞋模型ID",
            "AssetGUID"       : "0ee45d1d-f1f6-4593-9905-f15e4a696a5e",
            "AssetPath"       : "如果使用的资源是包中的,资源的路径(相对exe的路径)",
            "AssetType"       : "Model",
            "Platform"        : "资源适用的平台或者引擎"
        },
        {
            "ShoesAudioResID" : "弹簧鞋收集音效ID",
            "AssetGUID"       : "3d65b64d-d438-4a33-a0e8-9374af9c1a6b",
            "AssetPath"       : "如果使用的资源是包中的,资源的路径(相对exe的路径)",
            "AssetType"       : "Audio",
            "Platform"        : "资源适用的平台或者引擎"
        },
        {
            "ShoesEffectResID" : "弹簧鞋收集特效ID",
            "AssetGUID"        : "063483ee-192c-4688-842c-15b045250d01",
            "AssetPath"        : "如果使用的资源是包中的,资源的路径(相对exe的路径)",
            "AssetType"        : "Effect",
            "Platform"         : "资源适用的平台或者引擎"
        },
        {
            "CarModelResID" : "汽车障碍物模型ID",
            "AssetGUID"     : "80205182-eccb-4354-913c-4a939e9f7944",
            "AssetPath"     : "如果使用的资源是包中的,资源的路径(相对exe的路径)",
            "AssetType"     : "Model",
            "Platform"      : "资源适用的平台或者引擎"
        },
        {
            "GraveModelResID" : "墓碑障碍物模型ID",
            "AssetGUID"       : "cd0477fe-bf1b-4605-90c2-8592eb6ab390",
            "AssetPath"       : "如果使用的资源是包中的,资源的路径(相对exe的路径)",
            "AssetType"       : "Model",
            "Platform"        : "资源适用的平台或者引擎"
        },
        {
            "BarrierModelResID" : "石碑障碍物模型ID",
            "AssetGUID"         : "57bdc1c4-db49-418e-adc4-a54c149e7cf2",
            "AssetPath"         : "如果使用的资源是包中的,资源的路径(相对exe的路径)",
            "AssetType"         : "Model",
            "Platform"          : "资源适用的平台或者引擎"
        },
        {
            "BusModelResID" : "列车障碍物模型ID",
            "AssetGUID"     : "5e2eda9f-3aad-4514-8646-adb0be73160d",
            "AssetPath"     : "如果使用的资源是包中的,资源的路径(相对exe的路径)",
            "AssetType"     : "Model",
            "Platform"      : "资源适用的平台或者引擎"
        },
        {
            "Bus_MovingModelResID" : "移动的列车障碍物模型ID",
            "AssetGUID"            : "5e2eda9f-3aad-4514-8646-adb0be73160d",
            "AssetPath"            : "如果使用的资源是包中的,资源的路径(相对exe的路径)",
            "AssetType"            : "Model",
            "Platform"             : "资源适用的平台或者引擎"
        },
        {
            "ItemTestModelResID" : "上坡木板障碍物模型ID",
            "AssetGUID"          : "c3833a96-810d-4530-b6b1-88d9b080bd2f",
            "AssetPath"          : "如果使用的资源是包中的,资源的路径(相对exe的路径)",
            "AssetType"          : "Model",
            "Platform"           : "资源适用的平台或者引擎"
        },
        {
            "BridgeModelResID" : "上下坡地形障碍物模型ID",
            "AssetGUID"        : "e6efe5b1-864d-4cab-bba8-2f6be5490244",
            "AssetPath"        : "如果使用的资源是包中的,资源的路径(相对exe的路径)",
            "AssetType"        : "Model",
            "Platform"         : "资源适用的平台或者引擎"
        },
        {
            "Tunnel_LModelResID" : "墙壁障碍物模型ID",
            "AssetGUID"          : "78551b7c-7d45-43c3-987c-fde6ee02f8f6",
            "AssetPath"          : "如果使用的资源是包中的,资源的路径(相对exe的路径)",
            "AssetType"          : "Model",
            "Platform"           : "资源适用的平台或者引擎"
        },
        {
            "Obstacle_RollModelResID" : "栅栏障碍物模型ID",
            "AssetGUID"               : "ac4f4160-d678-4da3-bbc5-c1f600bad77a",
            "AssetPath"               : "如果使用的资源是包中的,资源的路径(相对exe的路径)",
            "AssetType"               : "Model",
            "Platform"                : "资源适用的平台或者引擎"
        },
        {
            "Building_1ModelResID" : "跑道装饰物1模型ID",
            "AssetGUID"            : "a0ffd621-2df8-4a8c-b1f0-5eae5ee2c997",
            "AssetPath"            : "如果使用的资源是包中的,资源的路径(相对exe的路径)",
            "AssetType"            : "Model",
            "Platform"             : "资源适用的平台或者引擎"
        },
        {
            "Building_2ModelResID" : "跑道装饰物2模型ID",
            "AssetGUID"            : "56ee9b4b-06b3-4a7c-a001-d9cf9af7517c",
            "AssetPath"            : "如果使用的资源是包中的,资源的路径(相对exe的路径)",
            "AssetType"            : "Model",
            "Platform"             : "资源适用的平台或者引擎"
        },
        {
            "Building_3ModelResID" : "跑道装饰物3模型ID",
            "AssetGUID"            : "98cc90d1-55f6-4609-b7e7-1d47ab2c8fe7",
            "AssetPath"            : "如果使用的资源是包中的,资源的路径(相对exe的路径)",
            "AssetType"            : "Model",
            "Platform"             : "资源适用的平台或者引擎"
        },
        {
            "Building_4ModelResID" : "跑道装饰物4模型ID",
            "AssetGUID"            : "63885579-2c3a-4ad5-88e6-ae9f4cb8f0af",
            "AssetPath"            : "如果使用的资源是包中的,资源的路径(相对exe的路径)",
            "AssetType"            : "Model",
            "Platform"             : "资源适用的平台或者引擎"
        },
        {
            "Building_5ModelResID" : "跑道装饰物5模型ID",
            "AssetGUID"            : "cbe84511-c271-48f1-8ffd-1d7ad24ed8c4",
            "AssetPath"            : "如果使用的资源是包中的,资源的路径(相对exe的路径)",
            "AssetType"            : "Model",
            "Platform"             : "资源适用的平台或者引擎"
        },
        {
            "Building_6ModelResID" : "跑道装饰物6模型ID",
            "AssetGUID"            : "de7d30b0-f4b9-4cde-beb1-bdf4ac4c8b85",
            "AssetPath"            : "如果使用的资源是包中的,资源的路径(相对exe的路径)",
            "AssetType"            : "Model",
            "Platform"             : "资源适用的平台或者引擎"
        },
        {
            "Building_7ModelResID" : "跑道装饰物7模型ID",
            "AssetGUID"            : "ea356af1-082b-44b0-9d42-c3824820569d",
            "AssetPath"            : "如果使用的资源是包中的,资源的路径(相对exe的路径)",
            "AssetType"            : "Model",
            "Platform"             : "资源适用的平台或者引擎"
        },
        {
            "Building_8ModelResID" : "跑道装饰物8模型ID",
            "AssetGUID"            : "86a039e3-dbe6-4b91-a478-d4194d928c5b",
            "AssetPath"            : "如果使用的资源是包中的,资源的路径(相对exe的路径)",
            "AssetType"            : "Model",
            "Platform"             : "资源适用的平台或者引擎"
        },
        {
            "Building_9ModelResID" : "跑道装饰物9模型ID",
            "AssetGUID"            : "86a039e3-dbe6-4b91-a478-d4194d928c5b",
            "AssetPath"            : "如果使用的资源是包中的,资源的路径(相对exe的路径)",
            "AssetType"            : "Model",
            "Platform"             : "资源适用的平台或者引擎"
        },
        {
            "FloorModelResID" : "地板模型ID",
            "AssetGUID"       : "b3be1564-faee-43c4-9e91-e7501f94df93",
            "AssetPath"       : "如果使用的资源是包中的,资源的路径(相对exe的路径)",
            "AssetType"       : "Model",
            "Platform"        : "资源适用的平台或者引擎"
        },
        {
            "StandingAnimationID" : "站立动画资源",
            "AssetGUID"           : "f26b988e-5107-4633-8196-934f3321a2a4",
            "AssetPath"           : "如果使用的资源是包中的,资源的路径(相对exe的路径)",
            "AssetType"           : "Animation",
            "Platform"            : "资源适用的平台或者引擎"
        },
        {
            "StandUpAnimationID" : "起身动画资源",
            "AssetGUID"          : "fbe72c78-a3c1-42f2-8509-538ecdce74db",
            "AssetPath"          : "如果使用的资源是包中的,资源的路径(相对exe的路径)",
            "AssetType"          : "Animation",
            "Platform"           : "资源适用的平台或者引擎"
        },
        {
            "RunningAnimationID" : "奔跑动画资源",
            "AssetGUID"          : "f546514a-72fe-4fe3-b558-59404ae3c274",
            "AssetPath"          : "如果使用的资源是包中的,资源的路径(相对exe的路径)",
            "AssetType"          : "Animation",
            "Platform"           : "资源适用的平台或者引擎"
        },
        {
            "RunningAudio" : "奔跑音乐资源",
            "AssetGUID"    : "b387c8d0-8abd-4355-907f-05cf8dd56a8f",
            "AssetPath"    : "如果使用的资源是包中的,资源的路径(相对exe的路径)",
            "AssetType"    : "Audio",
            "Platform"     : "资源适用的平台或者引擎"
        },
        {
            "JumpUpAnimationID" : "跳跃动画资源",
            "AssetGUID"         : "4bb814b8-eb58-475d-83fe-14e170d0d52f",
            "AssetPath"         : "如果使用的资源是包中的,资源的路径(相对exe的路径)",
            "AssetType"         : "Animation",
            "Platform"          : "资源适用的平台或者引擎"
        },
        {
            "JumpUpEffectID" : "跳跃特效资源",
            "AssetGUID"      : "b24bc0f8-666c-452b-93a6-769eb04cedee",
            "AssetPath"      : "如果使用的资源是包中的,资源的路径(相对exe的路径)",
            "AssetType"      : "Effect",
            "Platform"       : "资源适用的平台或者引擎"
        },
        {
            "JumpUpAudio" : "跳跃音频资源",
            "AssetGUID"   : "68e564eb-80b1-4bb3-83b6-7efd42489d78",
            "AssetPath"   : "如果使用的资源是包中的,资源的路径(相对exe的路径)",
            "AssetType"   : "Audio",
            "Platform"    : "资源适用的平台或者引擎"
        },
        {
            "FallingAnimationID" : "从空中落下动画资源",
            "AssetGUID"          : "9042a21e-e3e8-49dc-bb85-b1eac9edb1c2",
            "AssetPath"          : "如果使用的资源是包中的,资源的路径(相对exe的路径)",
            "AssetType"          : "Animation",
            "Platform"           : "资源适用的平台或者引擎"
        },
        {
            "FallingEffectID" : "从空中落下特效资源",
            "AssetGUID"       : "从空中落下特效资源ID",
            "AssetPath"       : "如果使用的资源是包中的,资源的路径(相对exe的路径)",
            "AssetType"       : "Effect",
            "Platform"        : "资源适用的平台或者引擎"
        },
        {
            "FallingAudio" : "从空中落下音频资源",
            "AssetGUID"    : "c3d505f8-a22e-4b37-822e-647aab17eee1",
            "AssetPath"    : "如果使用的资源是包中的,资源的路径(相对exe的路径)",
            "AssetType"    : "Audio",
            "Platform"     : "资源适用的平台或者引擎"
        },
        {
            "TurnLeftAnimationID" : "向左移动动画资源",
            "AssetGUID"           : "f546514a-72fe-4fe3-b558-59404ae3c274",
            "AssetPath"           : "如果使用的资源是包中的,资源的路径(相对exe的路径)",
            "AssetType"           : "Animation",
            "Platform"            : "资源适用的平台或者引擎"
        },
        {
            "TurnLeftEffectID" : "向左移动特效资源",
            "AssetGUID"        : "向左移动特效资源ID",
            "AssetPath"        : "如果使用的资源是包中的,资源的路径(相对exe的路径)",
            "AssetType"        : "Effect",
            "Platform"         : "资源适用的平台或者引擎"
        },
        {
            "TurnLeftAudio" : "向左移动音频资源",
            "AssetGUID"     : "ea31965b-673d-4b61-8a6a-41c3781c75de",
            "AssetPath"     : "如果使用的资源是包中的,资源的路径(相对exe的路径)",
            "AssetType"     : "Audio",
            "Platform"      : "资源适用的平台或者引擎"
        },
        {
            "TurnRightAnimationID" : "向右移动动画资源",
            "AssetGUID"            : "f546514a-72fe-4fe3-b558-59404ae3c274",
            "AssetPath"            : "如果使用的资源是包中的,资源的路径(相对exe的路径)",
            "AssetType"            : "Animation",
            "Platform"             : "资源适用的平台或者引擎"
        },
        {
            "TurnRightEffectID" : "向右移动特效资源",
            "AssetGUID"         : "向右移动特效资源ID",
            "AssetPath"         : "如果使用的资源是包中的,资源的路径(相对exe的路径)",
            "AssetType"         : "Effect",
            "Platform"          : "资源适用的平台或者引擎"
        },
        {
            "TurnRightAudio" : "向右移动音频资源",
            "AssetGUID"      : "ea31965b-673d-4b61-8a6a-41c3781c75de",
            "AssetPath"      : "如果使用的资源是包中的,资源的路径(相对exe的路径)",
            "AssetType"      : "Audio",
            "Platform"       : "资源适用的平台或者引擎"
        },
        {
            "RollingAnimationID" : "翻滚动画资源",
            "AssetGUID"          : "dc7a00b8-ec77-4075-98e8-00ac9f3b59ce",
            "AssetPath"          : "如果使用的资源是包中的,资源的路径(相对exe的路径)",
            "AssetType"          : "Animation",
            "Platform"           : "资源适用的平台或者引擎"
        },
        {
            "RollingEffectID" : "翻滚特效资源",
            "AssetGUID"       : "e28bd9f5-f183-4263-b1ee-f9b09f7be68e",
            "AssetPath"       : "如果使用的资源是包中的,资源的路径(相对exe的路径)",
            "AssetType"       : "Effect",
            "Platform"        : "资源适用的平台或者引擎"
        },
        {
            "RollingAudio" : "翻滚音频资源",
            "AssetGUID"    : "e8c3c448-92e0-475d-ab0f-c835bdd708b4",
            "AssetPath"    : "如果使用的资源是包中的,资源的路径(相对exe的路径)",
            "AssetType"    : "Audio",
            "Platform"     : "资源适用的平台或者引擎"
        },
        {
            "DyingAnimationID" : "死亡动画资源",
            "AssetGUID"        : "f26b988e-5107-4633-8196-934f3321a2a4",
            "AssetPath"        : "如果使用的资源是包中的,资源的路径(相对exe的路径)",
            "AssetType"        : "Animation",
            "Platform"         : "资源适用的平台或者引擎"
        },
        {
            "DyingEffectID" : "死亡特效资源",
            "AssetGUID"     : "279aece0-60df-4aad-8726-b8eef70c2adf",
            "AssetPath"     : "如果使用的资源是包中的,资源的路径(相对exe的路径)",
            "AssetType"     : "Effect",
            "Platform"      : "资源适用的平台或者引擎"
        },
        {
            "DyingAudio" : "死亡音频资源",
            "AssetGUID"  : "c17a2145-142b-4e72-add2-523e608f961d",
            "AssetPath"  : "如果使用的资源是包中的,资源的路径(相对exe的路径)",
            "AssetType"  : "Audio",
            "Platform"   : "资源适用的平台或者引擎"
        },
        {
            "DoubleJumpingAnimationID" : "二段跳越动画资源",
            "AssetGUID"                : "4bb814b8-eb58-475d-83fe-14e170d0d52f",
            "AssetPath"                : "如果使用的资源是包中的,资源的路径(相对exe的路径)",
            "AssetType"                : "Animation",
            "Platform"                 : "资源适用的平台或者引擎"
        },
        {
            "DoubleJumpingEffectID" : "二段跳越特效资源",
            "AssetGUID"             : "二段跳越特效资源ID",
            "AssetPath"             : "如果使用的资源是包中的,资源的路径(相对exe的路径)",
            "AssetType"             : "Effect",
            "Platform"              : "资源适用的平台或者引擎"
        },
        {
            "DoubleJumpingAudio" : "二段跳越音频资源",
            "AssetGUID"          : "c74f0ab7-3eee-401b-a404-b7162224c884",
            "AssetPath"          : "如果使用的资源是包中的,资源的路径(相对exe的路径)",
            "AssetType"          : "Audio",
            "Platform"           : "资源适用的平台或者引擎"
        },
        {
            "GameMainImage" : "主界面背景图资源",
            "AssetGUID"     : "主界面背景图资源ID",
            "AssetPath"     : "如果使用的资源是包中的,资源的路径(相对exe的路径)",
            "AssetType"     : "Texture",
            "Platform"      : "资源适用的平台或者引擎"
        },
        {
            "GameOverAudio" : "游戏暂停背景图资源",
            "AssetGUID"     : "游戏暂停背景图资源ID",
            "AssetPath"     : "如果使用的资源是包中的,资源的路径(相对exe的路径)",
            "AssetType"     : "Texture",
            "Platform"      : "资源适用的平台或者引擎"
        },
        {
            "ButtonClickAudio" : "点击按钮音频资源",
            "AssetGUID"        : "点击按钮音频资源ID",
            "AssetPath"        : "如果使用的资源是包中的,资源的路径(相对exe的路径)",
            "AssetType"        : "Audio",
            "Platform"         : "资源适用的平台或者引擎"
        },
        {
            "GameOverAudio" : "游戏结束音频资源",
            "AssetGUID"     : "游戏结束音频资源ID",
            "AssetPath"     : "如果使用的资源是包中的,资源的路径(相对exe的路径)",
            "AssetType"     : "Audio",
            "Platform"      : "资源适用的平台或者引擎"
        }
    ]
}