{
  "GameInfo": {
    "Name": "ch1111_01",
    "ResID": "b88b8104-e353-45d7-9d9a-4b798ae0ca52",
    "LogoID": "b88b8104-e353-45d7-9d9a-4b798ae0ca52",
    "Version": "",
    "LocalVersion": "",
    "GameID": 1,
    "IsPublish": true,
    "PublishID": "",
    "PublishVersion": "",
    "GameTag": "Runner",
    "Limit": 2,
    "Describtion": "跑酷游戏是一种采用了绚丽的3D画面的快节奏跑酷类冒险游戏。"
  },
  "GameEditorInfo": {
    "AssetBuddlePath": "Runner",
    "EbEComponents": [],
    "GameDataPath": "",
    "AssemblyName": "EbERunner.dll"
  }
}