{
  "SceneData": {
    "ResID": "d224c411-3762-4a18-8fdb-7576ac23a0d8",
    "Preview": "http://fz-cs.101.com/v0.1/static/edu_product/esp/assets/14b3444b-af77-4ee5-9877-cad692773ba0.pkg/preview/fenmian2.png",
    "Name": "Test7",
    "CharacterID": "4bc85c55-c101-43f1-af51-6e6c74e87739",
    "UIID": "74556ada-c5fc-4ac3-80d4-d61c62510c2d"
  },
  "GameData": {
    "GameName": "ch1111_01",
    "GameCoverName": "",
    "GameCoverID": "30ab5327-72ec-41ac-aa9d-1221c70c5b4e",
    "GameIntroText": "",
    "GameSceneName": "",
    "GameSceneGuid": "",
    "GameSceneLogo": "14b3444b-af77-4ee5-9877-cad692773ba0",
    "GameSceneFormatType": "",
    "SceneBackgroundAudio": "86cb8d09-ab02-409b-b030-660835788ac9",
    "SceneBackgroundAudioName": "",
    "CoinModelID": "80205182-eccb-4354-913c-4a939e9f7944",
    "CoinModelName": "白色五子棋子01",
    "CoinModelPreview": "80205182-eccb-4354-913c-4a939e9f7944",
    "CoinCollectAudio": "3d65b64d-d438-4a33-a0e8-9374af9c1a6b",
    "CoinCollectAudioName": "",
    "CoinCollectEffectID": "01efcf7f-7d75-40fb-b318-d4861becfe0c",
    "CoinCollectEffectName": "",
    "CoinCollectEffectPreview": "30ab5327-72ec-41ac-aa9d-1221c70c5b4e",
    "CoinSprite": "30ab5327-72ec-41ac-aa9d-1221c70c5b4e",
    "CoinSpriteName": "",
    "ShoesModelID": "0ee45d1d-f1f6-4593-9905-f15e4a696a5e",
    "ShoesModelName": "黑色五子棋子01",
    "ShoesModelPreview": "0ee45d1d-f1f6-4593-9905-f15e4a696a5e",
    "ShoesCollectAudio": "3d65b64d-d438-4a33-a0e8-9374af9c1a6b",
    "ShoesCollectAudioName": "",
    "ShoesCollectEffectID": "063483ee-192c-4688-842c-15b045250d01",
    "ShoesCollectEffectName": "",
    "ShoesCollectEffectPreview": "30ab5327-72ec-41ac-aa9d-1221c70c5b4e",
    "Barriers_01ID": "80205182-eccb-4354-913c-4a939e9f7944",
    "Barriers_01Name": "白色五子棋子01",
    "Barriers_01Type": "Static",
    "Barriers_01Preview": "80205182-eccb-4354-913c-4a939e9f7944",
    "Barriers_02ID": "cd0477fe-bf1b-4605-90c2-8592eb6ab390",
    "Barriers_02Name": "墓碑",
    "Barriers_02Type": "Static",
    "Barriers_02Preview": "30ab5327-72ec-41ac-aa9d-1221c70c5b4e",
    "Barriers_03ID": "57bdc1c4-db49-418e-adc4-a54c149e7cf2",
    "Barriers_03Name": "石碑",
    "Barriers_03Type": "Static",
    "Barriers_03Preview": "30ab5327-72ec-41ac-aa9d-1221c70c5b4e",
    "Barriers_04ID": "5e2eda9f-3aad-4514-8646-adb0be73160d",
    "Barriers_04Name": "列车",
    "Barriers_04Type": "Static",
    "Barriers_04Preview": "30ab5327-72ec-41ac-aa9d-1221c70c5b4e",
    "Barriers_05ID": "5e2eda9f-3aad-4514-8646-adb0be73160d",
    "Barriers_05Name": "移动的列车",
    "Barriers_05Type": "Dynamic",
    "Barriers_05Preview": "30ab5327-72ec-41ac-aa9d-1221c70c5b4e",
    "Barriers_06ID": "c3833a96-810d-4530-b6b1-88d9b080bd2f",
    "Barriers_06Name": "上坡木板",
    "Barriers_06Type": "Static",
    "Barriers_06Preview": "30ab5327-72ec-41ac-aa9d-1221c70c5b4e",
    "Barriers_07ID": "e6efe5b1-864d-4cab-bba8-2f6be5490244",
    "Barriers_07Name": "上下坡地形",
    "Barriers_07Type": "Static",
    "Barriers_07Preview": "30ab5327-72ec-41ac-aa9d-1221c70c5b4e",
    "Barriers_08ID": "78551b7c-7d45-43c3-987c-fde6ee02f8f6",
    "Barriers_08Name": "墙壁",
    "Barriers_08Type": "Static",
    "Barriers_08Preview": "30ab5327-72ec-41ac-aa9d-1221c70c5b4e",
    "Barriers_09ID": "ac4f4160-d678-4da3-bbc5-c1f600bad77a",
    "Barriers_09Name": "栅栏",
    "Barriers_09Type": "Static",
    "Barriers_09Preview": "30ab5327-72ec-41ac-aa9d-1221c70c5b4e",
    "RunDeco_01ID": "a0ffd621-2df8-4a8c-b1f0-5eae5ee2c997",
    "RunDeco_01Name": "跑道装饰物1",
    "RunDeco_01Preview": "30ab5327-72ec-41ac-aa9d-1221c70c5b4e",
    "RunDeco_02ID": "56ee9b4b-06b3-4a7c-a001-d9cf9af7517c",
    "RunDeco_02Name": "跑道装饰物2",
    "RunDeco_02Preview": "30ab5327-72ec-41ac-aa9d-1221c70c5b4e",
    "RunDeco_03ID": "98cc90d1-55f6-4609-b7e7-1d47ab2c8fe7",
    "RunDeco_03Name": "跑道装饰物3",
    "RunDeco_03Preview": "30ab5327-72ec-41ac-aa9d-1221c70c5b4e",
    "RunDeco_04ID": "63885579-2c3a-4ad5-88e6-ae9f4cb8f0af",
    "RunDeco_04Name": "跑道装饰物4",
    "RunDeco_04Preview": "30ab5327-72ec-41ac-aa9d-1221c70c5b4e",
    "RunDeco_05ID": "cbe84511-c271-48f1-8ffd-1d7ad24ed8c4",
    "RunDeco_05Name": "跑道装饰物5",
    "RunDeco_05Preview": "30ab5327-72ec-41ac-aa9d-1221c70c5b4e",
    "RunDeco_06ID": "de7d30b0-f4b9-4cde-beb1-bdf4ac4c8b85",
    "RunDeco_06Name": "跑道装饰物6",
    "RunDeco_06Preview": "30ab5327-72ec-41ac-aa9d-1221c70c5b4e",
    "RunDeco_07ID": "ea356af1-082b-44b0-9d42-c3824820569d",
    "RunDeco_07Name": "跑道装饰物7",
    "RunDeco_07Preview": "30ab5327-72ec-41ac-aa9d-1221c70c5b4e",
    "RunDeco_08ID": "86a039e3-dbe6-4b91-a478-d4194d928c5b",
    "RunDeco_08Name": "跑道装饰物8",
    "RunDeco_08Preview": "30ab5327-72ec-41ac-aa9d-1221c70c5b4e",
    "RunDeco_09ID": "86a039e3-dbe6-4b91-a478-d4194d928c5b",
    "RunDeco_09Name": "跑道装饰物9",
    "RunDeco_09Preview": "30ab5327-72ec-41ac-aa9d-1221c70c5b4e",
    "RunWayID": "b3be1564-faee-43c4-9e91-e7501f94df93",
    "JumpAni": "4bb814b8-eb58-475d-83fe-14e170d0d52f",
    "DownRollAni": "dc7a00b8-ec77-4075-98e8-00ac9f3b59ce",
    "LeftRollAni": "f546514a-72fe-4fe3-b558-59404ae3c274",
    "RightRollAni": "f546514a-72fe-4fe3-b558-59404ae3c274",
    "SecJumpAni": "4bb814b8-eb58-475d-83fe-14e170d0d52f",
    "DeathAni": "f26b988e-5107-4633-8196-934f3321a2a4",
    "CrossAni": "",
    "ClimbAni": "",
    "FlickAni": "",
    "ContinueGameOnColAni": "",
    "StandingAni": "",
    "StandUpAni": "",
    "RunningAni": "f546514a-72fe-4fe3-b558-59404ae3c274",
    "FallingAni": "9042a21e-e3e8-49dc-bb85-b1eac9edb1c2",
    "JumpAniName": "",
    "DownRollAniName": "",
    "LeftRollAniName": "",
    "RightRollAniName": "",
    "SecJumpAniName": "",
    "DeathAniName": "",
    "CrossAniName": "",
    "ClimbAniName": "",
    "FlickAniName": "",
    "ContinueGameOnColAniName": "",
    "StandingAniName": "",
    "StandUpAniName": "",
    "RunningAniName": "",
    "FallingAniName": "",
    "JumpEffect": "b24bc0f8-666c-452b-93a6-769eb04cedee",
    "JumpEffectName": "",
    "DownRollEffect": "e28bd9f5-f183-4263-b1ee-f9b09f7be68e",
    "DownRollEffectName": "",
    "LeftRollEffect": "e28bd9f5-f183-4263-b1ee-f9b09f7be68e",
    "LeftRollEffectName": "",
    "RightRollEffect": "e28bd9f5-f183-4263-b1ee-f9b09f7be68e",
    "RightRollEffectName": "",
    "SecJumpEffect": "b24bc0f8-666c-452b-93a6-769eb04cedee",
    "SecJumpEffectName": "",
    "DeathEffect": "279aece0-60df-4aad-8726-b8eef70c2adf",
    "DeathEffectName": "",
    "CrossEffect": "",
    "CrossEffectName": "",
    "ClimbEffect": "",
    "ClimbEffectName": "",
    "FlickEffect": "",
    "FlickEffectName": "",
    "ContinueGameOnColEffect": "",
    "ContinueGameOnColEffectName": "",
    "StandingEffect": "",
    "StandingEffectName": "",
    "StandUpEffect": "",
    "StandUpEffectName": "",
    "RunningEffect": "b24bc0f8-666c-452b-93a6-769eb04cedee",
    "RunningEffectName": "",
    "FallingEffect": "b24bc0f8-666c-452b-93a6-769eb04cedee",
    "FallingEffectName": "",
    "JumpAudio": "68e564eb-80b1-4bb3-83b6-7efd42489d78",
    "JumpAudioName": "",
    "SecJumpAudio": "c74f0ab7-3eee-401b-a404-b7162224c884",
    "SecJumpAudioName": "",
    "DeathAudio": "c17a2145-142b-4e72-add2-523e608f961d",
    "DeathAudioName": "",
    "DownRollAudio": "e8c3c448-92e0-475d-ab0f-c835bdd708b4",
    "DownRollAudioName": "",
    "LeftRollAudio": "ea31965b-673d-4b61-8a6a-41c3781c75de",
    "LeftRollAudioName": "",
    "RightRollAudio": "ea31965b-673d-4b61-8a6a-41c3781c75de",
    "RightRollAudioName": "",
    "RunningAudio": "b387c8d0-8abd-4355-907f-05cf8dd56a8f",
    "RunningAudioName": "",
    "CrossAudio": "",
    "CrossAudioName": "",
    "ClimbAudio": "",
    "ClimbAudioName": "",
    "FallingAudio": "c3d505f8-a22e-4b37-822e-647aab17eee1",
    "FallingAudioName": "",
    "ContinueGameOnColAudio": "",
    "ContinueGameOnColAudioName": "",
    "FlickAudio": "",
    "FlickAudioName": "",
    "StandingAudio": "",
    "StandingAudioName": "",
    "StandUpAudio": "",
    "StandUpAudioName": "",
    "MouseJumpOpt": "Up",
    "JumpValue": 1,
    "MouseDownOpt": "Down",
    "DownValue": 2,
    "MouseLeftOpt": "Left",
    "LeftValue": 3,
    "MouseRightOpt": "Right",
    "RightValue": 4,
    "JumpBtnName": "",
    "DownRollBtnName": "",
    "LeftRollBtnName": "",
    "RightRollBtnName": "",
    "InitSpeed": 5.0,
    "NmeterAddSpeed": 300.0,
    "AddSpeed": 0.5,
    "MaxSpeed": 20.0,
    "JumpHeigh": 7.0,
    "SecJumpHeigh": 8.05,
    "Gravity": 20.0,
    "InitCoinsValue": 1.0,
    "nMeterAddCoinValue": 500.0,
    "AddCoinValue": 1.0,
    "MaxAddCoinValue": 5.0,
    "Title": "",
    "PlayBtnName": "",
    "ResumeBtnName": "",
    "RestartBtnName": "",
    "ExitBtnName": "",
    "Score": "",
    "Coins": "",
    "Time": "",
    "MouseClickButtonFeedbackAudio": "",
    "MouseClickButtonFeedbackAudioName": "",
    "ClickButtonFeedbackAudio": "86cb8d09-ab02-409b-b030-660835788ac9",
    "ClickButtonFeedbackAudioName": "",
    "GameOverAudio": "86cb8d09-ab02-409b-b030-660835788ac9",
    "GameOverAudioName": "",
    "MainBackground": "30ab5327-72ec-41ac-aa9d-1221c70c5b4e",
    "MainBackgroundName": "",
    "LoadingCover": "",
    "LoadingCoverName": "",
    "PauseCover": "30ab5327-72ec-41ac-aa9d-1221c70c5b4e",
    "PauseCoverName": ""
  },
  "IsStandAlone": true
}