
{
    "Building" : [
        {
            "Name" : "Building_1",
            "Guid" : "a0ffd621-2df8-4a8c-b1f0-5eae5ee2c997",
            "ColliderSize" : "2.0, 2.0, 3.0",
            "BoundsSize"   : "7, 6.053271, 4"
        },
        {
            "Name" : "Building_2",
            "Guid" : "56ee9b4b-06b3-4a7c-a001-d9cf9af7517c",
            "ColliderSize" : "2.0, 2.0, 2.0",
            "BoundsSize"   : "7, 4.225794, 4"
        },
        {
            "Name" : "Building_3",
            "Guid" : "98cc90d1-55f6-4609-b7e7-1d47ab2c8fe7",
            "ColliderSize" : "2.0, 2.0, 3.0",
            "BoundsSize"   : "7, 6.053271, 4"
        },
        {
            "Name" : "Building_4",
            "Guid" : "63885579-2c3a-4ad5-88e6-ae9f4cb8f0af",
            "ColliderSize" : "2.0, 2.0, 3.0",
            "BoundsSize"   : "7, 6.053271, 4"
        },
        {
            "Name" : "Building_5",
            "Guid" : "cbe84511-c271-48f1-8ffd-1d7ad24ed8c4",
            "ColliderSize" : "2.0, 2.0, 3.0",
            "BoundsSize"   : "7, 6.053271, 4"
        },
        {
            "Name" : "Building_6",
            "Guid" : "de7d30b0-f4b9-4cde-beb1-bdf4ac4c8b85",
            "ColliderSize" : "2.0, 2.0, 2.0",
            "BoundsSize"   : "7, 4.225794, 4"
        },
        {
            "Name" : "Building_7",
            "Guid" : "ea356af1-082b-44b0-9d42-c3824820569d",
            "ColliderSize" : "2.0, 2.0, 2.0",
            "BoundsSize"   : "7, 4.225794, 4"
        },
        {
            "Name" : "Building_8",
            "Guid" : "86a039e3-dbe6-4b91-a478-d4194d928c5b",
            "ColliderSize" : "2.0, 2.0, 2.0",
            "BoundsSize"   : "7, 4.225794, 4"
        },
        {
            "Name" : "Building_9",
            "Guid" : "86a039e3-dbe6-4b91-a478-d4194d928c5b",
            "ColliderSize" : "2.0, 2.0, 2.0",
            "BoundsSize"   : "7, 4.225794, 4"
        }
    ],
    "Item"     : [
        {
            "Name" : "Car",
            "Guid" : "80205182-eccb-4354-913c-4a939e9f7944",
            "ObstacleType" : "Static",
            "ColliderSize" : "1.0, 1.0, 1.0",
            "TypeItem"     : "Car",
            "BoundsSize"   : "1.609931, 1.414766, 2.852028",
            "TriggerCenter" : "0, 0.209156175, 0.851653703",
            "TriggerSize"   : "1.132131304, 0.368114868, 1.817443914"
        },
        {
            "Name" : "Grave",
            "Guid" : "cd0477fe-bf1b-4605-90c2-8592eb6ab390",
            "ObstacleType" : "Static",
            "ColliderSize" : "1.0, 1.0, 1.0",
            "TypeItem"     : "Grave",
            "BoundsSize"   : "1.170427, 1.306124, 0.4996179",
            "TriggerCenter" : "0, 0.550000079, 0",
            "TriggerSize"   : "0.76500004,\t1.334999984, 0.8"
        },
        {
            "Name" : "Barrier",
            "Guid" : "57bdc1c4-db49-418e-adc4-a54c149e7cf2",
            "ObstacleType" : "Static",
            "ColliderSize" : "1.0, 1.0, 1.0",
            "TypeItem"     : "Barrier",
            "BoundsSize"   : "1.273946, 0.8319292, 0.4172928",
            "TriggerCenter" : "0, 0.418123524, 0",
            "TriggerSize"   : "1.212995776, 0.836247048, 0.765673485"
        },
        {
            "Name" : "Bus",
            "Guid" : "5e2eda9f-3aad-4514-8646-adb0be73160d",
            "ObstacleType" : "Static",
            "ColliderSize" : "1.0, 3.0, 2.0",
            "TypeItem"     : "Bus",
            "BoundsSize"   : "1.601668, 1.738554, 4.650556",
            "TriggerCenter" : "0, 0.91296348,\t-0.3750016",
            "TriggerSize"   : "1.362891458, 1.91956424,\t3.750016"
        },
        {
            "Name" : "Bus_Moving",
            "Guid" : "5e2eda9f-3aad-4514-8646-adb0be73160d",
            "ObstacleType" : "Dynamic",
            "ColliderSize" : "1.0, 3.0, 2.0",
            "TypeItem"     : "Moving_Obstacle",
            "BoundsSize"   : "1.601668, 1.738554, 4.650556",
            "TriggerCenter" : "0, 0.8193262, -0.11250048",
            "TriggerSize"   : "1.362891458, 1.77910832, 4.33126848"
        },
        {
            "Name" : "ItemTest",
            "Guid" : "c3833a96-810d-4530-b6b1-88d9b080bd2f",
            "ObstacleType" : "Static",
            "ColliderSize" : "1.0, 1.0, 1.0",
            "TypeItem"     : "ItemTest",
            "BoundsSize"   : "1.766445, 1.816111, 2.927303",
            "TriggerCenter" : "0, 0, 1.44354069",
            "TriggerSize"   : "0.9779205, 1.008962, 0.9862595"
        },
        {
            "Name" : "Bridge",
            "Guid" : "e6efe5b1-864d-4cab-bba8-2f6be5490244",
            "ObstacleType" : "Static",
            "ColliderSize" : "1.0, 1.0, 1.0",
            "TypeItem"     : "Null",
            "BoundsSize"   : "6.088748, 3.743124, 16.04758"
        },
        {
            "Name" : "Tunnel_L",
            "Guid" : "78551b7c-7d45-43c3-987c-fde6ee02f8f6",
            "ObstacleType" : "Static",
            "ColliderSize" : "2.0, 1.0, 3.0",
            "TypeItem"     : "Tunnel_L",
            "BoundsSize"   : "10.16666, 6.183679, 12.46714",
            "TriggerCenter" : "1.69681972, 2.5513719, 0.681977",
            "TriggerSize"   : "5.59676827, 5.39653814,0.87293056"
        },
        {
            "Name" : "Obstacle_Roll",
            "Guid" : "ac4f4160-d678-4da3-bbc5-c1f600bad77a",
            "ObstacleType" : "Static",
            "ColliderSize" : "1.0, 1.0, 1.0",
            "TypeItem"     : "Obstacle_Roll",
            "BoundsSize"   : "1.774213, 1.624562, 0.8902438",
            "TriggerCenter" : "0.064854223, 1.33613776, -0.14993919",
            "TriggerSize"   : "1.556501352, 2.7250178, 1.14953379"
        },
        {
            "Name" : "Coin",
            "Guid" : "80205182-eccb-4354-913c-4a939e9f7944",
            "ObstacleType" : "Static",
            "ColliderSize" : "1.0, 1.0, 1.0",
            "TypeItem"     : "Coin",
            "BoundsSize"   : "0.6, 0.6000001, 0.07000007",
            "TriggerCenter" : "0, 0.4, 0",
            "TriggerSize"   : "0.59, 0.58, 0.31",
            "CollectAudio"  : "3d65b64d-d438-4a33-a0e8-9374af9c1a6b",
            "CollectEffect" : "01efcf7f-7d75-40fb-b318-d4861becfe0c",
            "Icon"          : "30ab5327-72ec-41ac-aa9d-1221c70c5b4e"
        },
        {
            "Name" : "Item_Jump",
            "Guid" : "0ee45d1d-f1f6-4593-9905-f15e4a696a5e",
            "ObstacleType" : "Static",
            "ColliderSize" : "1.0, 1.0, 1.0",
            "TypeItem"     : "ItemJump",
            "BoundsSize"   : "0.8440377, 0.8440377, 0.7128109",
            "TriggerCenter" : "0, 0.48317935, 0",
            "TriggerSize"   : "0.61213625, 0.531497285, 0.44958529",
            "CollectAudio"  : "3d65b64d-d438-4a33-a0e8-9374af9c1a6b",
            "CollectEffect" : "063483ee-192c-4688-842c-15b045250d01"
        }
    ],
    "Floor"    : [
        {
            "Name" : "Floor",
            "Guid" : "b3be1564-faee-43c4-9e91-e7501f94df93",
            "ColliderSize" : "1.0, 1.0, 1.0",
            "BoundsSize"   : "6, 0.1, 8"
        }
    ]
}