
{
    "Speed" : {
        "StartSpeed" : 5.0,
        "IncreasingSpeedMeter" : 300.0,
        "IncreasingSpeed"      : 0.5,
        "MaxSpeed"             : 20.0
    },
    "Jump"  : {
        "JumpHeight" : 7.0,
        "DoubleJumpHeight" : 8.05000019073486,
        "Gravity"          : 20.0
    },
    "Coin"  : {
        "StartCoin2Count" : 1.0,
        "IncreasingCoinMeter" : 500.0,
        "IncreasingCount"     : 1.0,
        "MaxCoin2Count"       : 5.0
    },
    "Player" : {
        "PlayerScale" : 1.41864,
        "StartPosX"   : 0,
        "StartPosY"   : 1.1,
        "StartPosZ"   : -5,
        "SlopeLimit"  : 70,
        "StepOffset"  : 0.3,
        "SkinWidth"   : 0.08,
        "CtrlCenterY" : 0.59,
        "CtrlRadius"  : 0.24,
        "CtrlHeight"  : 1.17,
        "IsTemporary" : 1
    }
}