
{
    "Txts" : [
        {
            "GameCoverName" : "游戏封面名字",
            "Text"          : "默认封面",
            "ChinaText"     : "默认封面",
            "EnglishText"   : "Default Cover"
        },
        {
            "SceneName" : "游戏场景名字",
            "Text"      : "墓地场景",
            "ChinaText" : "墓地场景",
            "EnglishText" : "Graveyard Scene"
        },
        {
            "BackgroundAudioName" : "背景音乐名字",
            "Text"                : "默认背景音乐",
            "ChinaText"           : "默认背景音乐",
            "EnglishText"         : "Default Background Audio"
        },
        {
            "CoinModelName" : "金币模型名字",
            "Text"          : "通用金币模型",
            "ChinaText"     : "通用金币模型",
            "EnglishText"   : "Default Coin Model"
        },
        {
            "CoinAudioName" : "金币收集音效名字",
            "Text"          : "通用金币收集音效",
            "ChinaText"     : "通用金币收集音效",
            "EnglishText"   : "Default Coin Audio"
        },
        {
            "CoinEffectName" : "金币收集特效名字",
            "Text"           : "闪光特效",
            "ChinaText"      : "闪光特效",
            "EnglishText"    : "Flash Effect"
        },
        {
            "CoinIconSpriteName" : "金币Icon图片名字",
            "Text"               : "金币图片",
            "ChinaText"          : "金币图片",
            "EnglishText"        : "Coin Sprite"
        },
        {
            "ShoesModelName" : "弹簧鞋模型名字",
            "Text"           : "通用弹簧鞋道具模型",
            "ChinaText"      : "通用弹簧鞋道具模型",
            "EnglishText"    : "Default Shoes Model"
        },
        {
            "ShoesAudioName" : "弹簧鞋收集音效名字",
            "Text"           : "通用道具收集音效",
            "ChinaText"      : "通用道具收集音效",
            "EnglishText"    : "Default Shoes Audio"
        },
        {
            "ShoesEffectName" : "弹簧鞋收集特效名字",
            "Text"            : "闪光特效",
            "ChinaText"       : "闪光特效",
            "EnglishText"     : "Flash Effect"
        },
        {
            "CarModelName" : "汽车障碍物模型名字",
            "Text"         : "汽车模型",
            "ChinaText"    : "汽车模型",
            "EnglishText"  : "Car Model"
        },
        {
            "GraveModelName" : "墓碑障碍物模型名字",
            "Text"           : "墓碑模型",
            "ChinaText"      : "墓碑模型",
            "EnglishText"    : "Grave Model"
        },
        {
            "BarrierModelName" : "石碑障碍物模型名字",
            "Text"             : "石碑路障模型",
            "ChinaText"        : "石碑路障模型",
            "EnglishText"      : "Barrier Model"
        },
        {
            "BusModelName" : "列车障碍物模型名字",
            "Text"         : "列车模型",
            "ChinaText"    : "列车模型",
            "EnglishText"  : "Bus Model"
        },
        {
            "Bus_MovingModelName" : "移动的列车障碍物模型名字",
            "Text"                : "移动的列车模型",
            "ChinaText"           : "移动的列车模型",
            "EnglishText"         : "Bus_Moving Model"
        },
        {
            "ItemTestModelName" : "上坡木板障碍物模型名字",
            "Text"              : "上坡木板模型",
            "ChinaText"         : "上坡木板模型",
            "EnglishText"       : "ItemTest Model"
        },
        {
            "BridgeModelName" : "上下坡地形障碍物模型名字",
            "Text"            : "上下坡地形模型",
            "ChinaText"       : "上下坡地形模型",
            "EnglishText"     : "Bridge Model"
        },
        {
            "Tunner_LModelName" : "墙壁障碍物模型名字",
            "Text"              : "墙壁模型",
            "ChinaText"         : "墙壁模型",
            "EnglishText"       : "Tunner_L Model"
        },
        {
            "Obstacle_RollModelName" : "栅栏障碍物模型名字",
            "Text"                   : "栅栏模型",
            "ChinaText"              : "栅栏模型",
            "EnglishText"            : "Obstacle_Roll Model"
        },
        {
            "Building_1ModelName" : "跑道装饰物1模型名字",
            "Text"                : "跑道装饰1模型",
            "ChinaText"           : "跑道装饰1模型",
            "EnglishText"         : "Building_1 Model"
        },
        {
            "Building_2ModelName" : "跑道装饰物2模型名字",
            "Text"                : "跑道装饰2模型",
            "ChinaText"           : "跑道装饰2模型",
            "EnglishText"         : "Building_2 Model"
        },
        {
            "Building_3ModelName" : "跑道装饰物3模型名字",
            "Text"                : "跑道装饰3模型",
            "ChinaText"           : "跑道装饰3模型",
            "EnglishText"         : "Building_3 Model"
        },
        {
            "Building_4ModelName" : "跑道装饰物4模型名字",
            "Text"                : "跑道装饰4模型",
            "ChinaText"           : "跑道装饰4模型",
            "EnglishText"         : "Building_4 Model"
        },
        {
            "Building_5ModelName" : "跑道装饰物5模型名字",
            "Text"                : "跑道装饰5模型",
            "ChinaText"           : "跑道装饰5模型",
            "EnglishText"         : "Building_5 Model"
        },
        {
            "Building_6ModelName" : "跑道装饰物6模型名字",
            "Text"                : "跑道装饰6模型",
            "ChinaText"           : "跑道装饰6模型",
            "EnglishText"         : "Building_6 Model"
        },
        {
            "Building_7ModelName" : "跑道装饰物7模型名字",
            "Text"                : "跑道装饰7模型",
            "ChinaText"           : "跑道装饰7模型",
            "EnglishText"         : "Building_7 Model"
        },
        {
            "Building_8ModelName" : "跑道装饰物8模型名字",
            "Text"                : "跑道装饰8模型",
            "ChinaText"           : "跑道装饰8模型",
            "EnglishText"         : "Building_8 Model"
        },
        {
            "Building_9ModelName" : "跑道装饰物9模型名字",
            "Text"                : "跑道装饰9模型",
            "ChinaText"           : "跑道装饰9模型",
            "EnglishText"         : "Building_9 Model"
        },
        {
            "Runner.Title" : "Title",
            "Text"         : "3D INFINITE RUNNER TOOLKIT",
            "ChinaText"    : "3D无限酷跑",
            "EnglishText"  : "3D INFINITE RUNNER TOOLKIT"
        },
        {
            "Runner.Play" : "Play",
            "Text"        : "PLAY",
            "ChinaText"   : "开始游戏",
            "EnglishText" : "PLAY"
        },
        {
            "Runner.Rusume" : "Rusume",
            "Text"          : "RESUME",
            "ChinaText"     : "继续游戏",
            "EnglishText"   : "RESUME"
        },
        {
            "Runner.Restart" : "Restart",
            "Text"           : "RESTART",
            "ChinaText"      : "重新开始",
            "EnglishText"    : "RESTART"
        },
        {
            "Runner.Exit" : "Exit",
            "Text"        : "EXIT",
            "ChinaText"   : "退出游戏",
            "EnglishText" : "EXIT"
        },
        {
            "Runner.Score" : "Score",
            "Text"         : "Score",
            "ChinaText"    : "得分",
            "EnglishText"  : "Score"
        },
        {
            "Runner.Coins" : "Coins",
            "Text"         : "Coins",
            "ChinaText"    : "金币",
            "EnglishText"  : "Coins"
        },
        {
            "Runner.Time" : "Time",
            "Text"        : "Time",
            "ChinaText"   : "时间",
            "EnglishText" : "Time"
        }
    ]
}