{
  "GameInfo": {
    "Name": "zhangtao_11071",
    "ResID": "8d11de31-cb65-48e8-b8e1-c929878884d4",
    "LogoID": "8d11de31-cb65-48e8-b8e1-c929878884d4",
    "Version": "",
    "LocalVersion": "",
    "GameID": 1,
    "IsPublish": true,
    "PublishID": "",
    "PublishVersion": "",
    "GameTag": "FiveChess",
    "Limit": 2,
    "Describtion": "五子棋游戏，谁先链接一条线5个棋子，谁获胜"
  },
  "GameEditorInfo": {
    "AssetBuddlePath": "FiveChess",
    "EbEComponents": [],
    "GameDataPath": "",
    "AssemblyName": "EbEFiveChess.dll"
  }
}