[
	{
		"Guid":"cec37bd5-57d4-4ed3-b774-26cafa00de11",
		"ResType":"AudioClip"
	},
	{
		"Guid":"ce18e23d-4d4f-4b2c-a15e-ec9a92c2ebba",
		"ResType":"AudioClip"
	},
	{
		"Guid":"d4170e42-34f1-4c07-b910-391f16c0a45a",
		"ResType":"AudioClip"
	},
	{
		"Guid":"c5ce603e-c342-4f2b-8301-ea393a6f89cb",
		"ResType":"AudioClip"
	},
	{
		"Guid":"214b8aab-ff57-4678-a56c-9c4b2ff331c9",
		"ResType":"AudioClip"
	},
	{
		"Guid":"0f11e82a-7d1d-4714-9d00-ed029e0bf219",
		"ResType":"AudioClip"
	}
]

 //**** LoaderResType *****//
 //**** Texture2D *****//
 //**** Texture2DAB *****//
 //**** GameObject *****//
 //**** Font *****//
 //**** Shader *****//
 //**** AudioClip *****//
 //**** Animation *****//
 //**** PPT *****//
 //**** Movie *****//
 //**** UnityScene *****//
 //**** Buffer *****//
 //**** Text *****//
 //**** ScriptableObject *****//
 //**** VoxTerrain *****//
 //**** SkinMateria *****//
 //**** AnimationArray *****//
 //**** Prefab *****//