[{"key":"FiveChess.Retract","zh_cn":"悔棋","english":"Retract"},{"key":"FiveChess.RetractConfirm","zh_cn":"是否悔棋","english":"Are you sure to retract?"},{"key":"FiveChess.Defeat","zh_cn":"认输","english":"give up"},{"key":"FiveChess.DefeatConfirm","zh_cn":"是否认输","english":"Are you sure to give up?"},{"key":"FiveChess.QuitGame","zh_cn":"是否离开游戏","english":"Quit game?"},{"key":"FiveChess.Step","zh_cn":"步数","english":"Step"},{"key":"FiveChess.ChooseChess","zh_cn":"请选择执棋","english":"Please choose to play chess."},{"key":"FiveChess.BlackChess","zh_cn":"黑棋","english":"Black"},{"key":"FiveChess.WhiteChess","zh_cn":"白棋","english":"White"},{"key":"FiveChess.ChooseFirst","zh_cn":"请选择您的先后手顺序","english":"Please choose your order."},{"key":"FiveChess.FirstHand","zh_cn":"先手","english":"First hand"},{"key":"FiveChess.AfterHand","zh_cn":"后手","english":"Back hand"},{"key":"FiveChess.ChooseChessConfirm","zh_cn":"确认选择执该棋？","english":"Confirm the choice of chess?"},{"key":"FiveChess.Yes","zh_cn":"是","english":"Yes"},{"key":"FiveChess.No","zh_cn":"否","english":"No"},{"key":"FiveChess.Sure","zh_cn":"√","english":"√"},{"key":"FiveChess.Cancel","zh_cn":"X","english":"X"},{"key":"FiveChess.Close","zh_cn":"关闭","english":"Close"},{"key":"FiveChess.CloseMusic","zh_cn":"关闭音乐","english":"Sound:Off"},{"key":"FiveChess.OpenMusic","zh_cn":"开启音乐","english":"Sound:On"},{"key":"FiveChess.BackToHomePage","zh_cn":"返回主页","english":"Home"},{"key":"FiveChess.PlayAgain","zh_cn":"再来一局","english":"Again"},{"key":"FiveChess.Win","zh_cn":"恭喜你用了%s步把%s击败啦！","english":"Congratulations, you took %s steps to beat %s!"},{"key":"FiveChess.Lose","zh_cn":"很遗憾，你被%s用%s步击败啦！","english":"Unfortunately, you were defeated by %s in %s steps!"},{"key":"FiveChess.Tie","zh_cn":"%s：哼，居然和我打成平手。","english":"%s: Hmm, even with me."}]