[{"Guid":"30ab5327-72ec-41ac-aa9d-1221c70c5b4e","ResType":"Texture2D"},{"Guid":"14b3444b-af77-4ee5-9877-cad692773ba0","ResType":"Texture2D"},{"Guid":"86cb8d09-ab02-409b-b030-660835788ac9","ResType":"AudioClip"},{"Guid":"14c0282b-f0a4-4221-b237-1fd104cd097f","ResType":"GameObject"},{"Guid":"3d65b64d-d438-4a33-a0e8-9374af9c1a6b","ResType":"AudioClip"},{"Guid":"01efcf7f-7d75-40fb-b318-d4861becfe0c","ResType":"AudioClip"},{"Guid":"9b1a821b-33cb-4117-b4dc-ba23fcf6f86f","ResType":"Texture2D"},{"Guid":"19b56249-71b8-442f-813c-75973fb5e1bc","ResType":"GameObject"},{"Guid":"063483ee-192c-4688-842c-15b045250d01","ResType":"GameObject"},{"Guid":"77ed4a13-2173-499d-bf23-b86f79cb1626","ResType":"GameObject"},{"Guid":"cd0477fe-bf1b-4605-90c2-8592eb6ab390","ResType":"GameObject"},{"Guid":"57bdc1c4-db49-418e-adc4-a54c149e7cf2","ResType":"GameObject"},{"Guid":"5e2eda9f-3aad-4514-8646-adb0be73160d","ResType":"GameObject"},{"Guid":"c3833a96-810d-4530-b6b1-88d9b080bd2f","ResType":"GameObject"},{"Guid":"e6efe5b1-864d-4cab-bba8-2f6be5490244","ResType":"GameObject"},{"Guid":"78551b7c-7d45-43c3-987c-fde6ee02f8f6","ResType":"GameObject"},{"Guid":"ac4f4160-d678-4da3-bbc5-c1f600bad77a","ResType":"GameObject"},{"Guid":"a0ffd621-2df8-4a8c-b1f0-5eae5ee2c997","ResType":"GameObject"},{"Guid":"56ee9b4b-06b3-4a7c-a001-d9cf9af7517c","ResType":"GameObject"},{"Guid":"98cc90d1-55f6-4609-b7e7-1d47ab2c8fe7","ResType":"GameObject"},{"Guid":"63885579-2c3a-4ad5-88e6-ae9f4cb8f0af","ResType":"GameObject"},{"Guid":"cbe84511-c271-48f1-8ffd-1d7ad24ed8c4","ResType":"GameObject"},{"Guid":"de7d30b0-f4b9-4cde-beb1-bdf4ac4c8b85","ResType":"GameObject"},{"Guid":"ea356af1-082b-44b0-9d42-c3824820569d","ResType":"GameObject"},{"Guid":"86a039e3-dbe6-4b91-a478-d4194d928c5b","ResType":"GameObject"},{"Guid":"b3be1564-faee-43c4-9e91-e7501f94df93","ResType":"GameObject"},{"Guid":"4bb814b8-eb58-475d-83fe-14e170d0d52f","ResType":"Animation"},{"Guid":"dc7a00b8-ec77-4075-98e8-00ac9f3b59ce","ResType":"Animation"},{"Guid":"f546514a-72fe-4fe3-b558-59404ae3c274","ResType":"Animation"},{"Guid":"f26b988e-5107-4633-8196-934f3321a2a4","ResType":"Animation"},{"Guid":"fbe72c78-a3c1-42f2-8509-538ecdce74db","ResType":"Animation"},{"Guid":"9042a21e-e3e8-49dc-bb85-b1eac9edb1c2","ResType":"Animation"},{"Guid":"b24bc0f8-666c-452b-93a6-769eb04cedee","ResType":"GameObject"},{"Guid":"e28bd9f5-f183-4263-b1ee-f9b09f7be68e","ResType":"GameObject"},{"Guid":"279aece0-60df-4aad-8726-b8eef70c2adf","ResType":"GameObject"},{"Guid":"68e564eb-80b1-4bb3-83b6-7efd42489d78","ResType":"AudioClip"},{"Guid":"c74f0ab7-3eee-401b-a404-b7162224c884","ResType":"AudioClip"},{"Guid":"c17a2145-142b-4e72-add2-523e608f961d","ResType":"AudioClip"},{"Guid":"e8c3c448-92e0-475d-ab0f-c835bdd708b4","ResType":"AudioClip"},{"Guid":"ea31965b-673d-4b61-8a6a-41c3781c75de","ResType":"AudioClip"},{"Guid":"b387c8d0-8abd-4355-907f-05cf8dd56a8f","ResType":"AudioClip"},{"Guid":"c3d505f8-a22e-4b37-822e-647aab17eee1","ResType":"AudioClip"},{"Guid":"214b8aab-ff57-4678-a56c-9c4b2ff331c9","ResType":"AudioClip"}]