{
  "Speed": {
      "StartSpeed": 5,
      "IncreasingSpeedMeter": 300,
      "IncreasingSpeed": 0.5,
      "MaxSpeed": 20
  },
  "Jump": {
      "JumpHeight": 7,
      "DoubleJumpHeight": 8.05,
      "Gravity": 20
  },
  "Coin": {
    "StartCoin2Count": 1,
    "IncreasingCoinMeter": 500,
    "IncreasingCount": 1,
    "MaxCoin2Count": 5
  },
  "Player": {
    "PlayerScale": 1.41864,
    "StartPosX":0,
    "StartPosY":1.1,
    "StartPosZ":-5,
    "SlopeLimit":70,
    "StepOffset":0.3,
    "SkinWidth":0.08,
    "CtrlCenterY":0.59,
    "CtrlRadius":0.24,
    "CtrlHeight":1.17,
    "IsTemporary":1
  }
}